,Node_1,Node_2,Node_3,Node_4,Node_5,Node_6,Node_7,Node_8,Node_9,Node_10,Node_11,Node_12,Node_13,Node_14,Node_15,Node_16,Node_17,Node_18,Node_19,Node_20,Node_21,Node_22,Node_23,Node_24,Node_25,Node_26,Node_27,Node_28,Node_29,Node_30,Node_31,Node_32,Node_33,Node_34,Node_35,Node_36,Node_37,Node_38,Node_39,Node_40,Node_41,Node_42,Node_43,Node_44,Node_45,Node_46,Node_47,Node_48,Node_49,Node_50,Node_51,Node_52,Node_53,Node_54,Node_55,Node_56,Node_57,Node_58,Node_59,Node_60,Node_61,Node_62,Node_63,Node_64,Node_65,Node_66,Node_67,Node_68,Node_69,Node_70,Node_71,Node_72,Node_73,Node_74,Node_75,Node_76,Node_77,Node_78,Node_79,Node_80,Node_81,Node_82,Node_83,Node_84,Node_85,Node_86,Node_87,Node_88,Node_89,Node_90,Node_91,Node_92,Node_93,Node_94,Node_95,Node_96,Node_97,Node_98,Node_99,Node_100
Node_1,0,0,0,0,0,0,1,1,1,1,1,1,0,0,0,1,0,1,1,1,1,0,0,1,1,0,1,0,0,0,1,0,0,0,1,1,1,1,1,1,0,0,1,1,0,1,1,1,0,0,0,1,0,0,0,1,0,1,1,1,1,0,0,1,1,1,1,0,1,0,0,1,1,1,0,1,1,0,1,1,1,1,0,0,0,1,0,1,0,1,1,1,0,1,1,0,0,1,1,1
Node_2,0,0,1,0,0,1,1,1,1,0,0,0,1,0,1,1,0,0,0,0,0,0,0,0,0,0,1,1,1,1,0,0,1,0,1,0,0,1,0,1,0,0,0,1,1,0,1,0,1,1,1,1,0,1,1,1,0,0,1,0,0,0,1,1,1,0,0,0,1,0,1,0,1,1,1,0,0,0,0,0,1,1,1,1,0,1,0,0,0,0,0,0,0,1,1,0,1,0,1,1
Node_3,1,0,0,1,1,0,1,1,1,0,1,0,0,0,0,1,1,0,1,0,0,0,0,1,0,0,1,1,0,1,1,0,1,1,0,1,1,1,0,1,1,1,0,0,1,0,0,0,1,1,1,1,0,0,0,0,1,1,0,0,0,1,0,1,0,0,1,0,0,0,1,1,1,0,1,0,0,0,1,0,1,1,0,0,1,0,1,1,0,0,1,0,1,1,0,0,0,0,0,0
Node_4,0,0,0,0,0,1,1,0,1,0,0,0,0,1,0,0,0,1,0,1,0,0,0,1,1,1,1,1,0,0,0,0,1,0,0,0,1,0,1,0,1,1,1,0,0,1,1,1,0,0,1,1,1,1,1,1,1,1,1,1,0,0,0,0,1,0,1,0,1,0,0,0,1,1,1,1,0,0,1,1,1,0,0,0,1,1,0,0,0,0,0,0,0,1,1,0,1,0,0,0
Node_5,0,0,1,0,0,0,1,0,1,0,1,0,0,1,0,0,1,0,1,0,1,1,0,0,0,1,1,0,0,0,0,0,1,0,0,1,1,0,0,0,1,1,1,1,1,1,1,1,1,1,0,0,1,1,0,1,1,0,0,0,0,1,0,1,0,1,0,0,0,1,1,0,0,0,0,0,0,1,1,1,0,1,0,1,1,0,1,1,1,1,0,0,0,0,1,1,1,1,0,0
Node_6,0,0,1,0,0,0,1,1,0,0,0,1,0,0,0,0,0,1,0,0,0,1,0,0,0,0,0,0,0,0,1,1,0,1,0,0,1,1,0,0,1,1,1,0,1,1,0,0,1,0,1,1,0,1,1,1,1,1,0,1,0,0,0,1,1,0,0,1,0,0,0,1,0,1,1,0,0,0,0,0,0,0,1,0,1,0,1,1,1,0,1,0,1,0,1,1,1,1,0,1
Node_7,1,0,1,1,1,1,0,1,0,0,1,0,1,0,1,1,1,1,1,0,0,0,1,1,0,1,1,1,0,0,1,1,0,0,1,1,1,0,0,0,0,1,1,1,1,1,0,1,1,1,1,0,0,1,1,1,0,1,0,1,0,1,1,0,1,1,1,1,0,0,1,1,0,0,0,0,0,0,1,1,0,0,0,1,1,1,0,1,0,1,0,0,1,0,0,0,1,1,0,1
Node_8,0,0,0,1,0,1,0,0,0,0,1,0,1,0,0,0,0,1,1,1,1,1,0,1,1,0,1,1,1,1,1,0,0,1,0,0,1,0,1,0,0,0,0,0,0,1,0,0,0,0,0,0,1,0,0,1,0,1,1,0,0,0,0,0,0,0,1,0,1,1,0,1,1,0,1,0,0,1,0,1,1,1,1,1,0,0,1,0,1,0,0,0,0,1,1,1,0,1,0,0
Node_9,1,0,1,1,1,0,1,1,0,1,1,1,0,0,1,0,1,0,0,0,1,0,0,1,1,1,0,0,1,1,0,0,1,0,0,1,1,0,0,0,0,1,1,1,0,1,1,0,1,1,0,0,0,0,0,1,1,0,1,0,0,0,1,0,0,0,0,0,1,1,1,1,0,0,0,1,1,0,1,1,0,1,0,1,0,0,0,1,0,1,0,1,1,1,1,1,1,0,0,1
Node_10,1,1,0,1,1,0,0,1,1,0,0,0,0,1,1,1,0,0,0,0,0,1,1,0,0,1,0,1,1,0,0,0,1,0,1,1,0,0,0,1,0,0,0,0,1,0,0,1,0,0,1,1,1,1,1,0,1,1,1,0,0,0,0,0,0,1,0,0,0,1,0,0,1,0,1,1,1,1,0,0,1,1,1,1,0,0,1,1,1,0,0,1,1,1,1,0,1,0,1,1
Node_11,1,0,0,1,0,1,1,0,1,1,0,0,1,1,1,1,1,1,1,0,0,1,1,0,1,1,1,0,0,1,0,1,0,1,0,1,1,0,1,0,1,1,0,1,0,1,0,0,1,0,1,1,0,1,0,0,0,0,1,1,0,1,1,1,1,0,0,1,0,1,1,0,0,0,1,1,1,1,0,0,0,1,0,1,1,1,1,0,0,1,0,0,1,0,1,1,1,1,1,1
Node_12,0,1,1,1,1,1,1,0,0,1,1,0,0,1,1,0,1,0,1,0,0,0,0,0,0,1,0,1,1,1,1,0,0,0,0,1,1,0,1,0,1,1,0,0,0,1,0,1,1,0,1,0,0,0,0,0,0,0,1,1,1,1,1,1,1,1,1,1,1,1,0,0,0,1,1,0,0,1,0,1,0,1,1,1,0,1,0,0,0,1,1,0,1,0,0,1,1,0,1,1
Node_13,1,0,0,0,1,0,0,0,1,1,0,0,0,1,0,1,1,1,0,1,1,0,1,0,1,1,1,1,0,1,0,0,0,1,1,0,1,0,0,1,0,1,0,1,1,0,0,0,1,0,0,1,1,0,0,1,0,0,0,0,0,0,0,1,0,0,0,1,0,0,1,0,1,0,1,1,1,0,0,0,1,0,1,1,0,0,1,0,0,1,0,0,0,1,0,1,1,0,0,1
Node_14,1,1,1,1,0,0,0,1,1,1,1,1,0,0,1,0,1,0,0,1,0,1,0,0,1,0,0,0,1,1,0,0,1,0,0,0,0,0,1,0,0,0,0,1,1,1,1,0,0,1,0,0,1,1,1,1,1,1,0,0,1,1,0,1,1,0,1,0,1,1,0,1,1,1,1,0,0,0,1,1,1,1,1,1,0,0,0,0,1,0,1,0,1,0,0,0,1,0,0,0
Node_15,0,1,1,1,1,1,1,1,0,1,1,0,1,1,0,0,1,0,0,1,1,1,0,1,1,1,0,1,1,0,1,0,0,1,1,1,0,1,0,0,0,0,1,1,0,1,1,1,0,0,1,0,0,0,0,1,0,0,1,1,0,1,1,1,1,1,0,0,1,0,0,0,1,1,0,0,1,0,0,0,0,1,0,0,1,1,0,0,0,1,0,1,1,0,0,0,0,1,1,1
Node_16,1,1,0,0,1,1,1,0,0,0,1,1,0,1,0,0,1,0,0,1,1,0,0,0,1,0,1,1,1,1,0,0,1,1,1,0,1,0,1,0,1,1,0,0,1,1,1,1,1,1,1,1,1,0,1,1,0,1,1,1,1,1,0,0,1,1,1,0,1,0,0,1,1,0,0,1,1,1,1,1,0,0,0,1,0,0,0,1,1,1,0,1,1,1,0,1,1,0,1,0
Node_17,0,0,0,0,0,1,1,0,0,1,1,1,1,0,1,1,0,0,0,1,0,0,1,0,1,1,1,1,0,0,0,0,0,0,1,1,1,1,1,1,1,1,1,1,1,1,0,1,1,0,1,0,1,0,0,1,1,1,1,0,1,1,0,0,1,0,1,0,0,0,1,0,0,1,1,1,1,1,0,0,1,1,0,1,1,0,0,0,1,0,1,0,0,0,0,0,0,0,1,1
Node_18,1,0,1,1,0,0,1,0,0,0,1,1,1,0,0,1,0,0,0,0,0,1,1,1,0,0,1,1,1,1,1,1,0,1,0,1,0,0,1,1,0,0,1,1,1,0,0,0,1,0,1,0,0,1,0,0,0,1,1,1,0,1,0,0,0,0,0,0,1,1,0,1,1,0,0,1,0,1,0,0,0,0,0,0,1,1,1,0,0,1,0,0,1,1,0,0,0,1,1,1
Node_19,0,0,1,0,1,0,1,1,0,1,0,1,0,1,1,0,1,1,0,1,0,0,1,0,0,1,0,1,1,0,0,0,1,1,0,1,0,1,0,0,1,0,0,0,1,0,0,0,0,1,0,1,0,1,0,1,1,0,0,0,1,1,1,0,1,1,0,1,0,0,0,0,1,1,1,0,0,0,1,0,1,0,0,1,0,1,1,0,1,1,1,0,0,1,1,0,0,1,1,1
Node_20,0,0,1,0,1,1,1,0,1,1,0,0,0,0,1,1,1,0,0,0,1,0,1,0,0,0,1,1,1,1,1,0,0,1,1,0,0,1,1,0,0,0,1,0,1,0,1,1,0,1,1,0,1,1,1,0,0,1,1,1,0,0,1,0,1,0,0,0,1,0,0,1,1,0,0,0,0,1,1,0,0,0,1,0,0,1,1,1,0,0,0,1,1,0,0,0,0,1,0,1
Node_21,0,0,1,0,1,1,0,0,1,1,1,0,1,0,0,0,1,1,1,0,0,0,0,0,0,1,0,0,0,0,0,0,0,1,0,0,1,0,1,1,1,0,1,1,0,1,0,0,1,1,0,1,1,1,0,1,1,1,0,0,0,1,0,0,0,1,1,1,1,1,0,1,1,1,0,0,1,0,0,1,1,1,0,0,1,0,1,1,1,0,0,1,1,1,0,1,0,1,1,1
Node_22,0,0,1,0,0,1,1,0,1,0,1,1,0,1,0,0,0,0,0,1,0,0,1,0,0,1,1,1,0,1,0,0,1,0,1,0,0,0,0,1,0,0,1,1,0,0,0,1,1,0,1,1,1,1,0,1,0,1,1,1,0,1,0,0,1,1,0,0,0,0,1,0,1,0,1,1,0,1,0,1,1,0,0,0,1,1,0,0,0,1,1,1,1,1,1,0,0,1,1,1
Node_23,0,1,1,0,0,1,0,0,0,0,1,0,1,0,1,1,0,0,0,0,1,1,0,0,1,0,1,0,1,1,0,0,0,0,0,1,1,1,0,0,0,1,0,1,0,0,0,1,1,0,0,0,0,0,0,1,1,1,0,0,1,1,0,0,1,1,1,1,1,1,1,1,1,1,0,0,0,1,0,0,0,1,0,0,1,1,0,0,1,1,1,1,1,1,0,1,0,0,1,0
Node_24,0,1,0,0,0,0,1,1,0,0,1,1,1,1,0,0,0,1,1,1,0,1,1,0,0,1,1,1,0,1,1,1,0,0,1,1,1,0,1,0,0,0,1,0,1,1,0,1,0,0,1,1,1,0,0,0,0,0,0,1,0,0,0,1,1,1,1,0,0,1,0,1,0,1,0,0,1,0,0,0,1,1,1,0,0,0,1,1,0,0,0,1,0,1,0,1,0,0,0,0
Node_25,1,1,1,1,0,1,0,0,1,1,0,1,1,0,0,0,0,0,1,0,1,1,1,0,0,1,1,1,0,0,0,1,1,0,1,0,1,1,1,0,1,1,0,0,0,0,1,1,1,0,1,1,0,1,1,0,1,0,0,1,1,1,1,1,0,1,1,0,0,1,1,0,0,0,0,0,0,1,1,1,0,1,0,0,0,0,0,1,0,0,0,1,0,0,1,0,0,1,1,1
Node_26,1,1,0,0,0,0,1,0,0,0,0,1,1,1,1,1,1,1,1,1,0,1,0,1,1,0,0,0,0,0,0,0,0,1,1,1,0,0,1,0,0,1,0,0,0,1,1,1,0,1,1,1,1,1,0,1,0,1,1,1,0,1,1,1,1,1,0,0,1,0,0,0,1,1,1,1,1,0,0,1,0,0,1,0,0,0,0,1,0,1,1,1,1,1,0,1,1,1,1,1
Node_27,1,1,1,0,0,0,0,0,0,0,1,1,0,0,1,1,0,0,1,0,1,0,0,0,0,0,0,0,0,0,1,0,1,0,1,0,1,1,0,1,1,0,0,1,1,1,1,0,0,1,0,1,0,1,1,0,0,0,1,0,1,0,1,1,0,0,0,0,0,1,1,1,0,0,0,1,1,0,1,0,1,1,0,1,1,1,0,1,0,1,0,1,1,1,1,0,0,0,0,0
Node_28,0,0,1,1,0,1,0,1,0,1,1,0,0,0,0,0,1,0,1,1,1,1,1,1,0,1,1,0,1,0,1,0,1,0,1,1,1,1,0,0,0,0,1,1,0,0,0,1,1,0,0,0,1,0,1,1,0,0,1,0,1,0,1,1,1,0,0,1,1,1,1,1,0,1,0,0,0,0,0,1,1,0,0,0,1,0,0,0,0,1,1,1,0,1,0,0,0,0,0,1
Node_29,0,1,1,1,1,1,1,0,0,1,1,1,0,1,1,1,1,1,1,0,0,1,1,0,1,0,1,1,0,1,0,1,1,1,1,0,1,1,0,0,0,1,1,0,1,0,0,1,1,1,1,0,1,0,1,1,1,1,1,1,1,1,1,1,0,1,1,1,1,1,0,0,1,0,1,0,0,0,0,1,0,0,1,1,1,0,1,1,0,1,0,1,0,0,0,0,1,0,0,0
Node_30,0,1,1,1,0,1,1,1,0,1,0,1,1,0,0,1,1,1,1,1,1,1,1,0,1,0,1,1,0,0,1,0,1,0,1,0,0,1,1,1,1,0,1,0,1,1,1,1,0,0,1,1,1,0,0,0,0,0,0,0,0,1,0,1,1,1,1,1,0,1,0,0,0,0,0,0,0,0,1,1,0,1,0,0,0,1,1,0,0,1,0,1,1,0,1,0,0,0,0,0
Node_31,0,0,0,0,1,0,0,0,1,0,0,1,1,1,0,1,0,1,1,0,1,1,1,0,0,0,1,0,0,1,0,1,0,0,1,0,0,1,0,0,0,0,1,1,0,0,0,1,0,0,0,0,1,1,0,1,1,0,1,1,1,1,0,1,0,0,1,0,1,0,1,0,0,1,0,0,0,1,0,0,1,0,0,1,0,0,1,1,1,0,0,1,1,0,0,0,1,1,1,0
Node_32,0,0,0,1,1,0,0,1,0,0,1,0,1,0,0,1,1,1,1,0,0,1,1,1,0,1,1,0,0,1,0,0,0,1,1,1,1,0,0,1,1,1,1,1,1,1,0,0,0,0,0,0,1,0,0,0,1,1,1,1,0,0,0,0,0,1,0,1,1,0,1,0,0,1,1,0,1,0,0,1,1,0,0,0,0,0,0,1,0,0,0,1,1,1,0,0,1,1,0,0
Node_33,0,0,1,0,0,1,1,1,0,0,0,1,0,1,1,1,0,0,0,1,1,1,1,0,0,1,0,0,0,1,1,1,0,1,0,0,1,0,0,1,1,1,1,0,1,1,0,0,1,0,1,0,0,1,1,0,0,1,1,1,1,0,1,1,1,0,1,0,0,1,0,0,1,1,1,1,0,0,0,1,1,1,1,1,1,0,1,0,0,1,1,0,0,1,1,1,1,1,0,1
Node_34,0,1,0,1,0,1,1,0,1,0,1,0,1,1,0,1,0,0,1,1,1,1,1,1,1,0,1,1,1,0,0,0,1,0,1,1,0,0,0,1,0,0,1,1,1,0,1,1,0,0,1,1,0,1,0,1,0,1,1,1,0,0,0,0,0,1,1,1,0,0,0,1,0,1,1,0,0,1,0,0,1,0,0,1,0,1,0,1,0,0,1,0,1,1,0,1,0,0,0,0
Node_35,1,0,1,1,0,1,1,0,1,1,1,1,0,1,0,1,1,0,1,0,0,1,1,1,0,0,0,0,1,0,1,1,1,1,0,1,0,1,0,0,0,1,0,1,1,1,0,1,0,0,1,0,0,1,1,0,1,0,1,1,0,0,0,1,1,1,0,0,0,1,1,1,1,0,0,0,0,0,0,1,1,0,1,0,1,0,0,1,0,1,1,0,1,1,1,1,0,1,1,0
Node_36,0,0,0,1,0,1,1,0,0,0,0,0,0,1,0,0,0,0,0,0,0,1,1,1,0,1,1,0,1,0,1,0,0,0,1,0,1,1,1,0,0,0,1,0,1,0,1,0,0,0,1,1,1,0,1,1,0,0,1,0,0,0,0,0,0,1,0,1,1,1,1,1,0,1,0,1,0,1,0,0,0,1,0,0,1,1,0,0,1,0,1,0,0,0,1,1,0,0,1,0
Node_37,0,1,0,0,0,0,1,0,1,0,0,1,0,0,1,0,0,1,1,0,1,1,1,0,1,1,1,0,1,1,1,1,0,1,0,1,0,1,0,0,1,0,1,0,0,1,1,0,0,0,0,0,1,1,1,1,0,1,1,0,0,1,1,1,0,1,0,1,0,0,1,1,1,0,0,0,1,1,0,0,1,0,0,0,0,1,1,0,0,0,0,1,1,0,1,1,0,1,1,1
Node_38,1,0,0,1,1,1,1,1,1,0,1,0,1,0,0,0,1,1,0,1,1,0,0,1,0,1,1,0,0,0,0,1,0,0,0,1,1,0,0,1,1,1,0,0,1,0,1,0,1,0,0,1,1,0,0,0,0,1,1,0,0,1,1,0,1,1,0,0,1,0,1,0,0,0,1,0,1,1,1,1,1,0,1,1,0,1,1,0,1,1,0,1,0,0,0,1,1,0,0,1
Node_39,0,1,1,1,1,1,1,0,0,0,0,0,0,0,1,1,1,0,1,1,1,0,0,1,1,1,1,0,1,0,1,1,0,1,1,1,1,1,0,0,0,1,1,1,0,1,0,0,0,1,0,1,0,1,0,0,1,0,1,0,0,1,1,1,0,1,0,1,1,0,0,1,1,0,0,0,1,0,1,0,0,1,1,0,1,0,0,0,1,0,1,0,0,0,1,1,0,0,0,0
Node_40,0,1,1,1,0,1,1,1,1,0,0,1,0,1,0,1,1,0,1,1,1,1,1,1,1,1,1,1,0,0,0,0,0,0,0,0,0,0,0,0,1,0,1,0,0,0,1,1,1,1,0,0,1,0,0,1,0,1,1,1,1,1,0,1,1,1,0,0,1,1,1,1,0,0,1,0,0,1,0,1,0,0,0,0,1,0,1,1,0,1,1,0,1,1,1,0,0,1,1,1
Node_41,1,0,0,0,0,1,1,1,0,1,1,0,1,1,0,0,1,0,0,1,1,0,1,0,1,1,1,0,0,0,0,1,0,0,1,0,1,0,0,0,0,1,1,1,1,0,0,0,0,1,0,0,1,1,0,0,1,1,0,0,1,1,0,0,0,1,1,1,1,1,1,0,0,0,1,0,1,0,0,1,0,0,1,0,0,1,0,0,0,1,0,0,0,1,1,0,0,1,0,1
Node_42,0,1,0,1,1,0,0,0,1,0,1,0,1,1,0,0,1,0,1,1,0,0,0,0,1,0,1,1,0,1,0,0,0,0,0,0,0,0,1,0,0,0,0,0,0,0,1,0,0,0,0,0,1,0,1,1,1,0,0,0,1,0,0,0,1,1,1,0,1,1,0,0,0,0,0,0,1,1,0,0,0,1,0,0,1,0,0,1,0,1,1,0,0,1,0,0,1,0,0,0
Node_43,0,1,0,0,0,1,0,0,0,0,0,1,1,1,0,1,0,1,0,1,0,1,0,1,1,0,1,0,1,0,1,1,0,0,0,1,1,1,0,1,1,1,0,0,1,1,0,1,1,1,1,1,0,1,1,0,1,0,0,0,1,1,0,1,0,1,1,1,0,1,1,1,0,0,0,1,1,1,0,0,1,0,0,1,1,0,1,1,0,1,1,1,0,1,0,0,1,0,1,0
Node_44,1,1,0,0,1,1,0,0,1,1,1,0,1,0,0,0,1,1,1,1,1,0,0,1,1,0,1,1,1,0,0,0,0,0,0,1,0,0,0,0,1,1,0,0,0,1,1,0,1,0,0,0,0,0,1,0,0,0,1,1,0,1,1,1,0,1,0,1,0,0,0,0,1,1,0,0,1,0,1,1,1,0,1,0,1,0,0,0,0,0,0,1,1,0,1,0,1,0,0,1
Node_45,0,1,0,0,0,1,1,1,1,0,0,1,0,1,0,1,1,0,1,0,1,0,1,0,0,1,1,1,0,0,0,0,0,1,0,0,0,1,1,0,1,0,1,0,0,0,0,0,0,0,1,0,1,0,0,1,1,0,0,1,0,1,1,1,1,1,0,0,0,1,0,0,1,1,1,1,1,1,0,1,0,0,1,1,1,1,1,0,1,0,0,0,0,1,0,1,0,0,0,1
Node_46,1,1,0,0,0,0,1,0,1,0,1,1,0,0,0,0,0,1,0,1,1,1,1,1,0,1,1,0,1,1,1,0,0,0,1,1,1,1,0,1,0,1,1,1,1,0,1,0,0,0,0,1,0,1,0,1,1,0,0,0,0,1,1,0,0,0,0,1,0,1,0,1,1,1,0,1,0,0,1,1,1,1,1,0,1,1,0,0,0,0,0,1,1,1,0,0,0,0,1,0
Node_47,1,0,0,1,1,1,0,1,1,1,0,0,0,1,0,0,0,1,1,0,1,0,0,0,1,0,1,0,1,0,1,0,0,1,1,1,1,0,1,1,0,1,1,0,0,0,0,0,0,0,1,1,1,0,1,0,0,1,1,0,1,0,0,1,1,0,0,0,0,1,0,1,1,1,0,0,1,0,0,1,0,0,1,0,1,0,1,0,1,0,1,0,0,0,0,0,1,1,1,1
Node_48,1,0,0,1,1,0,1,1,1,0,0,1,1,0,0,1,0,0,1,0,1,1,1,0,1,0,1,1,1,1,0,0,1,1,1,1,1,1,0,1,1,0,0,1,0,1,0,0,0,0,1,1,0,0,1,1,1,0,0,0,0,0,1,0,1,1,1,0,0,1,1,0,1,1,1,0,1,1,1,1,1,0,0,1,0,0,1,0,1,1,1,1,0,0,0,0,1,0,0,0
Node_49,1,1,1,0,1,0,1,1,1,0,0,1,0,1,0,0,1,0,1,0,0,1,1,1,1,0,0,1,0,1,0,1,1,0,1,0,1,1,1,1,1,1,1,0,0,1,0,0,0,1,0,0,1,0,1,0,1,0,1,0,1,0,0,1,0,0,0,0,1,1,0,0,1,0,0,1,1,0,0,0,1,0,0,1,1,1,1,0,1,0,1,1,0,1,0,0,1,1,1,1
Node_50,1,1,1,1,1,0,0,1,1,0,1,1,1,1,1,1,0,0,0,0,0,1,0,0,1,1,1,1,1,1,1,0,1,0,1,0,0,0,1,0,0,1,0,1,0,0,0,0,0,0,1,1,0,0,0,1,0,0,1,1,1,1,0,1,1,0,0,1,1,1,0,0,1,0,1,0,0,0,1,1,0,0,0,1,0,0,0,0,1,0,0,0,1,0,0,0,0,1,0,0
Node_51,1,1,1,0,1,1,1,0,1,1,1,0,0,1,0,1,1,1,1,1,1,0,1,1,0,0,0,0,1,0,0,0,1,1,0,0,1,1,0,1,1,0,0,0,1,1,1,1,1,0,0,0,1,1,1,0,1,0,1,1,0,0,1,0,0,0,0,1,1,0,0,0,0,0,0,1,1,0,0,1,1,1,1,1,1,0,0,1,1,1,0,0,1,1,1,1,1,0,1,1
Node_52,1,1,1,1,1,1,1,0,1,1,0,0,0,0,0,0,1,1,0,0,1,0,0,0,1,0,1,1,1,0,1,1,1,1,1,1,1,1,1,1,1,0,1,0,1,1,0,1,1,0,0,0,0,0,1,1,1,1,0,0,1,0,1,1,1,1,0,0,0,1,0,1,1,1,0,1,1,1,1,1,1,0,0,0,1,0,0,1,0,0,1,1,1,1,1,0,1,1,0,1
Node_53,0,0,0,1,0,1,0,1,0,0,1,1,1,0,1,1,0,0,0,0,1,0,1,0,0,0,0,0,0,0,0,1,1,0,1,0,0,0,1,1,0,1,1,1,0,0,0,0,1,0,0,0,0,0,0,1,1,1,1,0,1,1,0,0,1,1,1,0,0,0,0,1,0,0,1,1,1,0,0,0,1,1,1,0,0,0,1,1,0,0,0,0,1,1,1,0,1,1,0,0
Node_54,0,1,0,1,1,1,0,0,0,1,0,0,0,0,0,1,0,0,1,1,1,1,1,1,1,0,1,1,1,0,0,0,1,1,1,0,1,0,1,0,1,1,1,1,1,0,1,0,0,0,1,0,0,0,0,0,1,1,1,1,1,1,1,0,1,1,1,0,1,0,1,0,1,0,0,0,1,0,0,0,0,0,0,1,1,0,1,1,0,0,1,1,0,1,1,1,0,1,0,0
Node_55,1,0,0,0,0,1,1,1,0,0,1,1,1,0,0,0,0,0,0,1,0,0,0,1,0,0,1,1,0,1,0,1,0,0,1,1,1,0,1,0,1,0,0,0,1,0,1,0,0,0,1,1,1,0,0,1,1,0,0,1,1,0,0,0,1,1,0,0,0,0,1,0,1,1,0,1,1,1,1,1,0,1,0,1,1,1,0,0,1,0,0,1,0,1,1,0,0,1,1,1
Node_56,1,0,1,0,0,1,0,1,0,0,0,0,1,0,1,1,0,0,1,0,0,1,1,0,1,0,1,0,1,0,0,1,1,1,1,0,1,0,1,1,0,1,1,1,0,1,0,0,1,1,0,0,0,1,1,0,1,1,0,0,0,1,0,1,0,0,0,1,0,1,0,0,0,0,0,0,0,0,0,0,0,0,0,1,0,0,0,1,0,0,1,0,0,1,1,0,1,0,1,1
Node_57,1,1,1,0,1,1,0,1,0,0,1,1,0,1,1,1,0,1,0,1,1,1,1,0,1,1,1,1,1,0,0,0,1,1,0,0,0,1,1,1,1,1,0,1,1,1,1,1,0,1,1,1,1,0,1,0,0,0,0,0,0,1,0,0,1,1,0,0,0,1,1,1,0,0,0,0,1,0,0,1,0,0,1,1,0,0,0,1,0,1,0,0,1,0,0,0,0,0,0,0
Node_58,1,0,0,0,0,0,1,0,1,1,1,0,1,0,1,1,0,1,1,1,0,1,0,0,1,0,0,0,0,1,1,1,1,0,0,0,0,1,1,0,0,0,0,0,0,1,0,1,1,1,0,1,1,1,0,0,0,0,0,1,1,0,0,1,1,0,0,1,0,1,0,0,0,0,1,1,0,1,0,0,0,0,1,0,1,1,0,0,1,1,0,1,0,0,0,1,1,0,0,1
Node_59,1,0,1,1,1,0,0,0,1,1,1,0,1,0,1,1,0,0,0,1,0,1,0,0,0,0,1,0,1,0,1,1,1,1,0,0,0,1,1,1,1,1,1,0,0,1,1,0,1,1,1,0,0,1,0,0,1,0,0,0,0,0,1,1,1,1,0,0,1,1,1,1,1,0,1,1,0,1,1,0,0,1,0,1,0,0,1,0,1,0,1,1,0,0,0,0,0,0,0,1
Node_60,1,0,0,1,0,0,1,1,0,0,1,1,1,0,1,1,0,1,1,1,0,0,0,1,0,1,0,0,1,0,0,1,1,1,1,1,0,1,1,1,1,0,1,1,1,0,1,1,0,0,1,1,1,1,1,1,0,1,0,0,1,0,0,0,0,0,1,1,1,1,0,0,1,0,1,0,0,0,1,1,0,1,0,0,1,0,1,0,1,1,0,1,0,0,1,0,1,0,1,0
Node_61,0,0,1,0,0,0,1,1,1,0,0,1,0,0,1,1,1,0,0,0,0,0,0,1,0,1,1,1,0,0,0,1,0,0,0,0,1,0,0,1,1,0,1,1,0,0,1,0,0,0,1,0,0,1,1,1,1,0,1,1,0,0,0,0,0,1,1,0,1,0,0,0,1,1,0,0,0,0,0,1,1,0,1,0,0,1,1,1,1,0,0,1,1,1,0,1,1,1,1,0
Node_62,1,1,1,1,1,0,1,0,0,1,1,0,1,0,0,0,0,1,1,1,0,0,0,1,1,0,1,1,1,1,1,0,0,1,1,0,0,1,1,1,1,0,1,1,0,0,0,0,0,0,0,0,1,0,1,0,1,0,0,1,1,0,1,0,0,1,1,0,1,0,1,0,0,0,1,0,1,1,1,0,0,0,1,1,1,0,0,0,0,1,0,0,0,0,1,1,1,0,1,1
Node_63,1,0,0,1,0,0,0,0,0,0,0,1,0,1,0,0,1,1,1,1,0,1,1,0,0,0,0,1,1,1,0,0,1,1,1,0,0,1,1,1,0,0,1,1,1,1,1,0,1,1,0,1,1,1,0,0,0,1,0,0,1,1,0,1,0,1,1,1,1,1,0,0,1,0,0,0,1,1,1,1,1,1,0,1,1,1,1,0,1,0,0,0,0,0,0,0,0,0,1,1
Node_64,1,0,1,0,1,1,0,0,0,0,1,0,0,1,0,0,1,0,0,1,0,1,1,0,1,1,1,0,0,1,1,1,1,1,0,0,0,0,1,0,0,0,1,0,1,1,0,1,0,0,0,0,0,1,1,0,1,0,0,0,1,1,1,0,1,0,1,1,0,1,1,1,1,0,0,0,0,0,0,1,0,0,1,0,0,0,1,0,0,1,1,1,0,0,1,0,0,0,1,1
Node_65,1,0,1,0,1,1,1,0,1,1,0,1,0,1,0,1,1,0,0,0,0,0,0,1,0,1,0,1,0,0,0,0,1,0,0,0,0,1,1,1,0,1,0,1,0,1,1,0,0,0,1,1,1,0,1,1,0,0,0,1,1,0,0,1,0,1,1,0,0,0,1,0,1,1,0,0,1,1,1,0,1,0,0,1,1,1,0,1,0,1,1,0,1,1,0,0,1,0,0,0
Node_66,0,0,0,1,0,0,1,1,1,1,1,0,0,0,1,0,0,1,1,1,1,0,1,0,0,0,0,0,1,1,0,0,0,1,1,0,0,0,0,0,0,0,0,0,0,0,0,1,1,1,1,1,1,0,1,1,1,1,0,0,0,1,0,0,1,0,0,0,1,0,1,1,1,0,0,1,1,1,0,0,1,1,1,0,1,0,0,0,0,1,0,1,0,1,0,0,1,0,0,1
Node_67,0,0,1,1,1,0,1,0,1,0,0,1,0,0,0,0,1,1,1,0,1,1,0,1,0,0,1,0,0,0,0,1,1,1,0,1,0,0,0,1,1,1,0,0,0,1,1,1,1,0,0,1,1,1,1,0,1,1,0,0,1,1,0,0,0,1,0,0,0,1,1,0,0,0,0,0,1,1,1,0,1,0,1,0,0,1,1,0,1,1,1,0,0,0,0,0,1,1,0,0
Node_68,1,0,0,0,0,1,1,1,0,0,0,1,0,1,1,1,1,1,0,1,0,1,1,0,0,0,0,0,0,0,1,1,1,0,0,0,1,1,1,0,0,0,1,0,0,0,0,1,0,0,0,1,1,1,1,0,1,0,1,1,0,1,1,0,1,1,1,0,0,0,0,1,1,1,0,1,0,1,1,0,1,0,0,0,1,1,1,0,0,0,0,1,0,0,0,0,0,0,0,1
Node_69,1,1,1,0,1,1,1,1,0,1,1,0,1,0,0,1,0,1,0,1,0,0,0,1,0,0,1,1,1,1,0,1,0,1,1,0,0,0,0,0,0,1,0,1,0,1,0,1,1,0,1,1,1,1,1,1,1,0,1,0,0,1,0,0,0,1,0,0,0,1,1,0,0,0,0,1,0,1,0,0,0,0,0,0,1,0,1,1,1,0,0,1,0,0,0,0,1,0,1,1
Node_70,1,1,0,0,1,1,1,0,1,1,1,0,1,0,1,1,1,1,0,1,1,0,1,0,1,0,0,1,0,0,0,0,1,0,1,1,0,0,1,0,0,0,0,1,0,0,0,0,1,1,0,1,1,0,1,1,1,1,0,0,1,1,1,1,0,1,0,0,1,0,1,1,1,1,1,0,1,0,0,1,1,0,1,1,1,1,0,1,0,1,1,0,0,0,1,1,1,0,1,0
Node_71,0,0,1,1,0,0,1,0,1,1,0,1,1,0,1,0,0,0,0,0,1,1,0,1,1,1,1,0,0,0,1,1,0,1,1,0,1,0,0,0,0,0,1,1,0,0,1,0,0,0,1,1,0,1,0,1,0,1,0,0,0,1,0,0,0,0,0,0,1,0,0,1,1,1,1,0,0,0,1,1,0,1,0,1,0,1,1,0,0,1,0,0,1,1,1,0,1,0,1,0
Node_72,0,1,0,0,1,1,0,1,0,1,1,0,1,0,1,1,1,0,0,1,1,1,1,0,1,0,0,0,0,1,0,0,0,1,1,0,0,1,1,1,1,0,0,0,0,0,0,0,0,1,0,0,0,1,0,0,0,1,0,0,1,0,1,0,0,1,0,1,1,0,1,0,0,1,0,0,0,0,1,1,0,1,0,1,1,0,0,1,0,0,1,1,1,1,0,1,0,0,0,1
Node_73,1,1,1,1,0,1,1,0,0,1,1,1,0,0,1,0,0,1,0,0,0,1,1,1,0,0,0,1,0,0,0,0,1,0,0,1,1,0,1,1,0,0,0,0,1,1,0,0,0,0,1,1,0,1,1,1,1,0,1,1,0,0,1,0,1,1,1,1,0,1,0,0,0,1,0,0,0,0,1,1,1,0,0,0,0,1,1,0,1,0,1,1,1,1,0,1,0,0,0,0
Node_74,0,0,1,0,0,1,1,1,1,0,0,0,1,1,1,0,1,0,0,0,1,1,0,0,0,1,1,1,0,1,0,1,0,0,0,1,1,1,0,1,1,0,1,1,0,1,0,0,0,1,0,1,1,1,1,0,1,1,1,1,1,0,0,1,1,0,1,1,1,0,0,1,0,0,1,1,0,0,0,0,1,1,1,0,1,1,1,1,0,0,1,1,0,1,1,1,1,1,0,0
Node_75,0,0,1,1,1,0,0,0,0,1,1,1,1,0,1,0,1,0,1,1,0,0,1,1,1,1,1,0,1,1,0,1,0,0,1,1,1,1,0,0,1,1,0,0,1,0,1,1,1,0,0,1,0,1,0,0,1,0,1,1,0,1,1,0,0,1,1,1,1,0,1,0,0,1,0,0,0,0,0,1,1,1,0,0,1,0,0,0,1,1,0,1,1,0,0,1,1,0,1,1
Node_76,0,1,1,1,1,1,1,1,0,1,0,1,0,1,0,0,1,1,0,1,1,0,0,0,0,1,0,0,1,1,1,0,0,1,1,1,1,0,0,0,1,0,1,0,0,1,1,0,1,0,1,0,0,1,0,1,1,1,0,1,0,1,0,0,0,1,0,1,1,1,0,0,0,0,1,0,0,1,1,0,0,1,0,0,0,0,0,0,1,0,1,1,0,0,1,0,0,1,0,1
Node_77,0,0,1,0,1,1,0,0,0,1,0,1,1,0,0,1,0,0,1,0,1,1,1,0,0,0,1,0,0,0,1,1,1,0,0,0,1,0,0,1,0,1,1,1,1,0,0,1,0,1,0,0,1,1,1,0,1,0,0,0,1,0,1,0,1,0,0,1,1,1,0,0,0,1,0,1,0,1,1,1,0,0,0,0,0,1,0,0,1,1,1,1,1,0,1,0,0,1,0,0
Node_78,0,1,1,1,1,0,1,0,1,0,0,0,1,1,1,0,0,1,1,0,0,0,1,0,0,0,0,0,0,0,1,0,1,0,1,0,1,1,1,0,1,1,0,1,1,1,1,1,1,1,1,1,1,1,0,1,1,0,1,0,1,1,1,0,0,1,0,0,1,0,1,0,1,0,1,0,0,0,0,1,0,0,0,0,0,1,1,0,1,0,1,1,1,0,1,0,1,0,1,1
Node_79,1,0,0,0,0,0,0,0,1,1,0,0,0,1,1,0,0,1,1,1,1,1,0,0,0,1,0,1,1,0,0,1,0,1,0,1,1,1,1,1,0,0,1,1,1,1,1,0,0,0,0,1,1,1,0,1,1,0,0,0,1,1,1,0,1,0,1,0,1,1,0,1,1,0,0,1,0,1,0,0,1,1,1,1,0,1,0,0,0,1,1,1,1,1,1,0,1,1,1,1
Node_80,0,1,0,0,0,0,1,0,0,0,0,0,1,1,1,1,0,0,0,0,1,1,0,0,0,1,0,0,0,1,1,0,0,0,0,1,1,1,1,0,0,1,0,0,1,1,0,1,1,1,0,0,0,1,0,1,1,0,0,0,0,0,1,1,1,1,0,0,1,1,1,1,0,1,1,1,0,0,0,0,1,0,1,1,0,0,1,1,0,0,1,0,1,0,0,1,1,0,0,1
Node_81,0,0,0,1,0,0,0,1,1,1,1,0,0,1,1,1,1,1,0,1,0,1,0,1,0,1,0,1,0,0,1,1,1,0,0,1,0,1,0,0,1,0,1,1,0,1,0,0,0,0,0,0,1,0,1,0,0,0,0,0,1,1,0,1,0,1,1,0,0,1,1,0,0,1,0,0,1,0,1,0,0,1,0,1,0,1,1,1,1,0,1,0,1,1,0,1,0,0,1,1
Node_82,0,0,1,1,0,0,0,0,1,0,1,0,1,0,1,1,0,0,0,0,0,1,1,0,0,0,0,0,1,0,1,0,0,0,0,0,1,1,0,0,1,1,0,1,1,0,1,1,0,0,0,0,1,1,0,1,1,1,0,0,1,1,1,1,0,1,0,0,0,0,1,1,0,0,0,1,1,1,1,0,0,0,1,1,0,0,1,1,0,0,1,1,1,0,1,0,0,0,1,1
Node_83,1,1,0,1,1,0,1,1,0,1,0,0,1,1,1,0,1,0,1,1,0,1,0,1,0,0,1,0,0,1,0,1,0,1,1,0,0,1,0,1,1,0,0,0,1,0,1,1,0,1,1,0,0,0,0,0,0,1,1,0,1,1,1,1,0,0,0,0,0,0,0,1,1,1,0,0,1,0,0,0,1,1,0,1,1,0,0,1,0,0,1,0,0,0,1,0,1,1,0,1
Node_84,1,1,1,1,1,0,1,0,1,1,0,0,0,0,0,1,1,1,0,1,0,1,1,1,1,1,0,1,0,0,1,0,1,1,0,0,0,1,1,0,1,0,1,0,1,1,1,0,0,0,1,0,1,1,0,1,1,0,0,1,1,0,0,1,0,0,0,0,0,0,1,0,0,0,1,0,0,0,0,1,1,0,0,0,0,1,1,1,0,1,0,1,0,0,0,1,1,0,0,1
Node_85,0,0,1,1,0,0,0,1,0,0,0,0,1,0,0,0,0,1,1,1,1,1,1,0,0,1,1,1,0,0,0,0,1,1,0,0,1,1,0,1,0,1,0,1,1,0,0,1,1,1,1,0,1,1,1,1,1,0,1,0,1,1,0,0,1,0,1,1,1,0,1,1,1,0,0,1,1,1,0,0,0,1,1,0,0,1,0,1,1,0,1,0,1,0,0,0,0,0,0,1
Node_86,0,1,0,1,0,1,0,1,1,1,1,1,1,1,0,0,1,1,1,1,0,1,0,1,0,1,0,0,1,0,1,0,1,0,1,1,1,1,0,1,0,1,0,0,0,1,1,1,1,1,1,0,0,1,1,0,1,0,0,0,1,1,0,0,0,0,1,1,1,0,1,1,0,0,0,1,1,0,0,0,0,1,1,1,1,0,0,1,0,0,0,0,1,0,1,1,1,0,1,0
Node_87,0,0,0,0,1,0,1,1,1,0,0,1,0,0,1,0,1,0,0,0,1,0,1,1,0,1,1,0,1,1,1,1,0,1,0,0,1,0,1,0,1,1,0,1,0,1,1,0,0,0,1,1,0,1,0,0,1,1,0,1,1,1,1,1,1,0,0,0,1,0,0,0,1,0,0,0,0,1,0,1,0,1,0,0,0,0,0,0,1,0,1,0,0,1,0,0,0,0,1,1
Node_88,0,1,0,1,0,0,1,0,0,0,0,0,0,1,1,0,1,0,0,1,0,1,1,0,1,1,0,1,1,0,0,0,0,0,0,1,1,1,0,0,1,1,1,1,0,0,0,0,0,0,1,1,1,1,0,0,1,0,1,1,0,1,0,0,1,0,1,1,1,1,1,1,1,1,1,0,0,1,0,0,1,1,1,1,0,0,1,0,0,0,1,0,0,0,1,0,1,0,0,1
Node_89,1,0,1,1,1,1,0,0,0,1,0,1,0,1,0,1,1,1,1,0,0,0,0,0,0,1,1,1,1,1,0,1,1,0,0,0,0,1,1,0,1,0,1,1,0,0,1,0,1,1,0,0,1,1,0,1,1,1,0,0,1,1,1,0,0,1,1,0,1,1,0,1,1,0,1,1,0,1,0,0,0,1,1,1,0,1,1,1,0,1,1,1,0,0,1,0,0,1,0,0
Node_90,1,0,1,0,0,0,0,1,0,0,0,0,1,0,0,1,0,0,0,1,1,1,1,0,0,0,0,1,0,1,0,1,1,1,1,0,1,1,1,1,0,1,0,1,1,0,1,1,1,0,1,1,0,0,1,1,0,1,1,1,0,1,0,1,1,0,1,1,1,0,0,0,0,0,1,0,0,0,0,1,1,1,0,0,1,0,1,1,0,0,1,0,1,0,0,0,1,1,1,0
Node_91,1,1,0,0,0,1,1,0,1,1,1,1,0,0,1,0,0,0,0,1,0,1,0,1,1,0,1,1,1,1,0,1,1,0,0,0,0,0,1,0,0,1,1,1,0,0,1,1,1,1,0,1,0,1,1,0,1,0,0,1,1,1,0,0,0,0,0,1,0,1,0,1,1,1,1,0,0,0,1,1,1,0,0,1,1,0,0,1,0,1,0,1,1,0,1,0,0,0,1,0
Node_92,1,1,1,0,0,0,1,0,0,0,1,1,0,1,0,1,1,1,0,1,1,0,0,1,0,0,1,1,0,1,1,1,1,0,0,0,0,0,0,0,1,0,1,1,1,1,0,0,1,1,1,1,0,0,1,0,1,0,1,1,1,0,0,1,0,0,0,0,1,1,0,0,1,0,1,0,0,1,0,1,0,0,0,1,0,1,0,0,0,0,1,0,0,0,0,1,0,0,0,1
Node_93,0,0,1,0,1,0,0,1,0,0,0,1,0,1,0,1,0,0,1,0,0,0,0,0,0,1,0,1,0,1,1,1,0,0,0,0,0,1,0,1,1,0,1,0,0,0,0,0,0,1,1,0,0,1,0,0,0,1,1,0,1,1,1,0,1,1,0,0,1,0,0,0,0,0,0,1,1,1,0,1,1,1,0,1,0,0,0,1,0,0,0,0,0,0,0,1,0,0,0,0
Node_94,1,0,1,1,0,0,1,1,1,0,1,0,1,0,1,1,0,0,1,1,1,1,1,0,0,0,1,0,0,1,1,1,0,0,1,1,0,1,0,1,1,0,1,0,0,1,0,0,0,0,1,0,0,0,1,0,1,1,1,0,1,1,1,1,0,0,1,1,1,1,1,1,0,0,0,0,0,1,0,0,1,1,0,1,0,1,0,0,0,1,1,1,1,0,1,1,0,1,0,0
Node_95,1,0,0,0,1,0,1,0,0,0,1,1,1,1,1,1,1,1,0,0,1,1,0,0,0,1,0,0,0,0,1,0,1,0,0,0,0,0,0,0,0,1,0,1,0,1,0,1,1,0,1,1,1,1,1,0,0,0,1,1,1,0,0,0,0,0,0,1,0,1,1,1,0,1,1,1,1,0,1,0,1,1,1,1,0,0,1,0,1,1,1,0,1,0,0,1,0,1,0,0
Node_96,0,1,0,1,1,0,0,0,0,1,0,0,0,1,0,1,1,0,1,1,0,1,0,0,0,1,0,1,0,1,1,0,0,0,1,0,1,1,0,1,0,1,0,1,0,1,0,1,0,0,1,0,1,0,0,1,0,0,0,0,0,1,1,0,0,0,0,0,1,1,1,1,0,0,1,0,1,1,1,1,0,1,0,0,1,1,1,1,1,0,0,0,0,1,1,0,0,1,1,1
Node_97,0,1,0,1,0,0,0,0,0,0,0,0,1,1,0,0,0,1,0,0,1,1,0,0,1,0,1,1,1,0,0,0,1,0,0,1,0,0,0,1,0,0,1,0,1,1,1,1,1,1,0,0,0,1,1,1,1,0,1,1,1,0,1,0,1,1,1,0,0,0,0,0,1,1,0,0,0,1,1,1,0,0,1,0,0,1,0,0,0,1,1,0,1,0,1,0,0,1,1,1
Node_98,0,0,1,1,1,0,0,1,0,1,0,0,0,0,0,0,0,1,1,1,0,0,0,1,0,1,1,1,1,1,1,0,1,0,1,1,1,0,1,0,1,1,1,1,0,0,1,1,0,0,1,1,0,1,0,1,0,0,1,0,1,0,0,0,1,0,1,1,1,1,1,1,1,0,1,0,1,1,1,1,1,1,0,1,1,0,0,1,1,1,1,0,1,1,1,1,1,0,1,1
Node_99,1,1,0,0,1,1,0,0,1,1,1,1,0,0,0,0,0,0,0,1,0,0,1,0,0,1,1,0,0,1,1,1,1,1,0,0,1,0,0,1,0,0,1,1,1,0,1,1,0,0,1,0,1,1,0,0,1,0,0,1,0,0,0,1,0,0,1,0,0,0,1,1,1,1,1,0,0,0,1,1,0,0,1,1,0,0,0,1,1,1,0,1,1,1,1,0,1,1,0,1
Node_100,1,0,1,1,0,1,0,1,0,0,0,0,1,1,0,1,1,0,1,1,0,0,1,1,0,1,0,1,0,0,0,1,1,1,1,1,0,1,0,0,0,1,0,0,0,1,1,1,0,0,1,0,0,1,0,1,0,0,0,0,1,1,1,1,1,0,0,0,1,0,1,1,1,0,0,1,0,1,1,1,1,0,1,0,1,0,0,0,0,1,0,1,1,0,0,0,1,1,1,0
